{
  "board_pattern": {
    "pattern_size": [
      7,
      7
    ],
    "square_size_mm": 32.0
  },
  "base_T_board": [
    [
      -0.68592,
      0.723951,
      0.07354,
      300.784078
    ],
    [
      0.727181,
      0.685673,
      0.032551,
      100.991594
    ],
    [
      -0.026859,
      0.075805,
      -0.996761,
      -0.381635
    ],
    [
      0.0,
      0.0,
      0.0,
      1.0
    ]
  ]
}
