{
  "source": "mock",
  "device_index": 0,
  "image_path": "data/frame.png",
  "intrinsics": {
    "fx": 378.6175579777098,
    "fy": 824.4852180604288,
    "cx": 245.51649787120743,
    "cy": 149.69138485673253
  },
  "distortion": [
    0.5187007882514627,
    -4.70632787517114,
    0.012732698378532237,
    0.03132495249768427,
    15.088811344081417
  ],
  "image_size": [
    432,
    240
  ]
}