{
  "base_T_cam": [
    [
      -0.506699,
      0.351609,
      -0.787164,
      598.585709
    ],
    [
      0.861861,
      0.229097,
      -0.452448,
      429.707921
    ],
    [
      0.021253,
      -0.907681,
      -0.419122,
      146.869426
    ],
    [
      0.0,
      0.0,
      0.0,
      1.0
    ]
  ],
  "gripper_T_tcp": [
    [
      1.0,
      0.0,
      0.0,
      0.0
    ],
    [
      0.0,
      1.0,
      0.0,
      0.0
    ],
    [
      0.0,
      0.0,
      1.0,
      0.0
    ],
    [
      0.0,
      0.0,
      0.0,
      1.0
    ]
  ]
}